{"cameraMode":{"drawMode":0,"name":"Shaded","section":"Shading Mode"},"sceneLighting":false,"audioPlay":false,"sceneViewState":{"m_AlwaysRefresh":false,"showFog":true,"showSkybox":false,"showFlares":true,"showImageEffects":true,"showParticleSystems":true,"showVisualEffectGraphs":true,"m_FxEnabled":true},"in2DMode":false,"pivot":{"x":-0.04297608137130737,"y":0.27084606885910036,"z":-0.04393124580383301},"rotation":{"x":-0.30952009558677676,"y":-0.20943140983581544,"z":0.07001606374979019,"w":-0.9252482652664185},"size":1.605496883392334,"orthographic":false}