{"cameraMode":{"drawMode":0,"name":"Shaded","section":"Shading Mode"},"sceneLighting":false,"audioPlay":false,"sceneViewState":{"m_AlwaysRefresh":false,"showFog":true,"showSkybox":false,"showFlares":true,"showImageEffects":true,"showParticleSystems":true,"showVisualEffectGraphs":true,"m_FxEnabled":true},"in2DMode":false,"pivot":{"x":1.341400146484375,"y":19.833505630493165,"z":-70.80293273925781},"rotation":{"x":-0.16423508524894715,"y":0.015087478794157505,"z":-0.002498338930308819,"w":-0.9863150119781494},"size":307.84893798828127,"orthographic":false}